,Category,Question,Answer
,写真の配信方法について,,
,アップロード,イロドキカメラ（専用アプリ）を使わずに撮影した写真もアップロードはできますか？,"はい、可能です。
スマホ本体のカメラやデジカメ等で撮影した写真も、ホーム画面の「アップロード」から「ファイルを選択する」に進むことで手動でアップロードができます。"
,アップロード,写真のアップロードができません,"以下をご確認の上、解決しない場合はサポート事務局宛にご連絡ください。
・インターネットに接続されているか（通信が著しく遅くないか）
・推奨のブラウザ（Google Chrome/Microsoft Edge）を使用しているか
・写真の入ったフォルダごとアップロードしていないか
・画像のサイズが小さすぎるor大きすぎないか"
,アップロード,アップロードできるファイル形式は何ですか？,対応しているファイルの拡張子はJPEG、PNG、HEICです。
,アップロード,アップロード枚数に制限はありますか？,制限はございませんが、一度にアップロードする枚数が多くなると処理が重くなり時間がかかります。一度にアップロードする枚数は300枚程度までが推奨となります。
,アップロード,スマホやタブレットで撮影した写真をPCに移さずに端末から直接アップロードすることはできますか？,"はい、可能です。
撮影端末のブラウザから施設画面にログインし、「アップロード」から「ファイルを選択する」に進んでアップロードしてください。"
,アップロード,アップロード途中にキャンセルを押すとどうなりますか？,アップロードが途中で終了します。すでにアップロードされた写真は「写真チェック」の未配信写真に表示されていますので、削除もしくは配信処理を行ってください。
,アップロード,アップロード中の進捗表示は閉じても大丈夫ですか？,はい。アップロードの進捗表示を閉じ、それ以外の画面を操作していただいても問題ございません。ただし、ブラウザ自体（Google Chrome/Microsoft Edgeなど）を閉じるとアップロードが中断してしまいますのでご注意ください。
,アップロード,クラス全員に配信したい写真はどのようにアップロードすればいいですか？,アップロード画面の「分類方法を選ぶ」の欄で「クラス全体」を選択してアップロードしてください。集合写真や作品、給食など個人ふりわけをする必要がない写真はこの設定方法をご利用ください。アップロード後に配信設定から変更することもできます。
,AI（個人ふりわけ）,顔分類のAI精度が低い場合の改善方法はありますか？,"クラス管理＞クラス名＞園児名を選択し、AI用顔写真の追加/削除を行ってください。
※お顔が手や帽子で隠れていない写真が推奨されます。"
,AI（個人ふりわけ）,アップロード後、AIの個人ふりわけがいつ終わるかはどこで確認できますか？,ホーム画面＞写真チェック配信＞現在のステータスにて、対象クラスの個人ふりわけ欄に処理中の残り枚数が表示されます。「○」の表示があればAI処理が完了していますので、写真チェックに進んでください。
,AI（個人ふりわけ）,アップロードした写真が写真チェック画面に表示されません。,AIの個人ふりわけの結果、園児タグが付かず「配信しない写真」に入っている可能性が考えられます。お手数ですが未配信写真チェック画面の右下「配信しない写真」をご確認ください。
,AI（個人ふりわけ）,アップロードした写真が、ぐるぐるのまま処理が終わらず写真が表示されません。どうしたらいいですか？,AIの個人ふりわけ処理を行っている途中、もしくは処理の待機中である可能性が考えられます。しばらくたっても状況が変わらない場合は、サポート事務局宛にご連絡ください。
,AI（個人ふりわけ）,AIが識別しなかった園児も配信/記録することはできますか？,"はい、可能です。写真チェック画面で該当の写真を開き、右の設定欄「園児タグ」から追加したい園児を選択してください。写真上に手動でタグが付けられます。
※園児タグの表示位置は写真上のどこでも問題ありませんので、任意の位置をクリックしてください。"
,AI（個人ふりわけ）,配信NG設定をした園児の写真はどのようにふりわけられますか？,「配信しない写真」にふりわけされます。「配信しない写真」に入っている写真は次に写真を配信したタイミングで自動削除されますので、必要な際は配信設定を変更してください。
,写真チェック/配信,園児タグを編集することはできますか？,"はい、可能です。写真を開き、右の設定欄「園児タグ」から追加or削除したい園児を選択してください。追加時は写真上に手動でタグが付けられます。
※園児タグの表示位置は写真上のどこでも問題ありませんので、任意の位置をクリックしてください。"
,写真チェック/配信,「配信しない写真」に入っている写真はいつ削除されますか？,次に配信したタイミングで自動削除されます。その後は管理画面からデータの確認ができなくなりますので、ご注意ください。
,写真チェック/配信,配信前に施設で写真をダウンロードすることはできますか？,配信前の写真をダウンロードすることはできません。配信を完了させると写真管理からダウンロードすることが可能になりますので、まずは配信処理を行ってください。
,写真チェック/配信,写真を誤って配信してしまった場合、後から削除することはできますか？,"はい、可能です。ホーム画面のカレンダーの桜マークまたは写真管理画面から、該当写真を開いて「配信取消」ボタンをクリックしてください。
※施設管理・保護者アプリどちらの画面上からも写真が削除されます。
※削除されたデータは復活できませんので、十分ご注意の上操作してください。"
,写真チェック/配信,写真をトリミングすることはできますか？,はい、可能です。写真チェック画面で写真を大きく開いた際、画像上部にある「編集」（三つの点）をクリックすると編集画面が表示されます。
,写真チェック/配信,アップロードした写真の縦横の向きが違いました。回転させることはできますか？,はい、可能です。写真チェック画面で写真を大きく開いた際、画像上部にある「編集」（三つの点）をクリックすると編集画面が表示されます。
,写真チェック/配信,暗く写った写真の明るさ調節はできますか？,はい、可能です。写真チェック画面で写真を大きく開いた際、画像上部にある「編集」（三つの点）をクリックすると編集画面が表示されます。
,写真チェック/配信,写真のお気に入りとはどのような機能ですか？　保護者にも表示されますか？,配信後に写真を検索する時にお気に入りで絞り込むことができる先生向けの便利な機能です。配信前の写真チェック画面または配信後の写真管理画面で設定できます。保護者アプリには表示されません。
,写真チェック/配信,活動タグとはどのような機能ですか？　保護者にも表示されますか？,配信後に写真を検索する時に活動タグで絞り込むことができる先生向けの便利な機能です。配信前の写真チェック画面または配信後の写真管理画面で設定できます。
,写真チェック/配信,配信後の写真に記録される日付は撮影日ですか？配信を行った日ですか？,施設管理・保護者アプリどちらの画面でも共通で、配信を行った日で表示されます。
,写真チェック/配信,配信枚数に制限はありますか？,上限の制限はございませんが、サービス価値を感じていただくためにも、お一人あたり月30枚以上を目安に配信いただけますと幸いです。
,,,
,配信後の写真について,,
,写真管理,配信した写真を施設がダウンロードすることはできますか？,"はい、できます。費用は枚数無制限で無料です。
写真管理から対象の写真を開き、「ダウンロード」ボタンをクリックしてください。
また、写真検索結果画面の右上「選択」をクリックして写真を複数枚選択することで、一括ダウンロードも可能です。"
,写真管理,写真のデータ保管期限はいつまでですか？,対象園児の卒園月から1年後まで施設管理画面で閲覧、ダウンロードが可能です。
,写真管理,写真のお気に入りとはどのような機能ですか？　保護者にも表示されますか？,配信後に写真を検索する時にお気に入りで絞り込むことができる先生向けの便利な機能です。配信前の写真チェック画面または配信後の写真管理画面で設定できます。保護者アプリには表示されません。
,写真管理,活動タグとはどのような機能ですか？　保護者にも表示されますか？,配信後に写真を検索する時に活動タグで絞り込むことができる先生向けの便利な機能です。配信前の写真チェック画面または配信後の写真管理画面で設定できます。
,写真管理,写真管理から写真を開き、「配信取消」ボタンを押すとどうなりますか？,"施設管理・保護者アプリどちらの画面上からも該当写真が削除されます。
※削除されたデータは復活できませんので、十分ご注意の上操作してください。"
,最近のわくわく,最近のわくわくとはどのような機能ですか？,"ホーム画面右下の「もっと見る」を選択すると、過去1週間の配信写真からランダムで6枚選択された写真がレイアウト表示されます。右下の「プリント」から印刷することも可能です。また、各写真の下にはコメントを入力して印刷することも可能です。
※「×」で戻り、再度「もっと見る」を選択すると違う6枚が表示されます。"
,最近のわくわく,最近のわくわくに写真が表示されません？,過去1週間以内に配信した写真がない場合、写真は表示されません。一度、配信をお試しいただき再度ご確認ください。
,最近のわくわく,最近のわくわくに表示された写真を施設で選んで変更することはできますか？,写真はランダムで自動表示されますので、写真を選んで変更することはできません。再度「もっと見る」を選択すると違う6枚が表示されますので、何度かお試しください。
,,,
,カメラアプリについて,,
,撮影・アップロード,通信環境がない場所で撮影した写真もアップロードできますか？,"はい、できます。一時的にアプリ内に撮影データが保存され、通信環境下に戻ると施設管理画面にアップロードが行われます。
※通信環境下に戻っても自動でアップロードが行われない場合は、アプリのアップロード設定をご確認いただくか、お手数ですがアプリ左下の写真アイコンをクリックして、手動でアップロードをお試しください。"
,撮影・アップロード,撮影した写真が自動アップロードされません。,ネットワーク接続状況をご確認ください。ネットワークに繋がっているにもかかわらずアップロードが完了していない場合、お手数ですがアプリ左下の写真アイコンをクリックして手動でアップロードをお試しください。
,その他,カメラアプリのログインID・パスワードはどこで分かりますか？,ログインIDは先生アカウントIDとなり、施設管理画面のアカウント管理＞先生アカウント情報＞先生お名前を選択し、確認が可能です。パスワードをお忘れの場合は、先生アカウント情報から対象の先生アカウントIDの「パスワードを初期化する」を実行してください。
,その他,クラス配信がしたい写真を、カメラアプリにて個人ふりわけで撮影してしまいました。配信前に修正はできますか？,はい、できます。施設管理画面に個人ふりわけ後の写真が表示されますので、写真を開き、右の設定欄の「クラス配信ボタン」をONにしてください。クラス全体に配信される写真一覧に移動します。
,その他,カメラアプリで撮影した写真を端末にダウンロードできますか？,カメラアプリの撮影データは施設管理画面にアップロードするか、削除するかのどちらかのため、端末にダウンロードはできません。保護者配信後に施設管理画面からはダウンロードすることが可能ですので、そちらをお試しください。
,その他,アップロード先のクラスはどのようにして一覧から更に追加することができますか？,施設管理画面のアカウント管理の先生アカウント情報で、対象の先生アカウントに担当クラスを追加選択していただくとアップロード先に追加できます。
,,,
,保護者アプリについて,,
,登録,保護者が配布した登録用紙を紛失した場合はどうしたらいいですか？,"施設さまにて登録用紙の再発行を行い、新しいQRコードで登録してください。
※以前のQRコードは利用できなくなります。"
,登録,初回登録用紙の登録期限が切れてしまった場合はどうしたらいいですか？,"施設さまにて登録期限を再設定した登録用紙の再発行を行い、新しいQRコードで登録してください。
※以前のQRコードは利用できなくなります。"
,登録,保護者から「QRコードを読み込むと読み取り済みとエラー表示が出て登録できない」と連絡がありましたが、どうしたらいいですか？,すでに保護者アカウントのご登録がお済みであることが考えられます。お心当たりがない場合は施設さまにて該当園児の再登録と登録用紙の再発行を行い、新規でご登録ください。
,登録,保護者から「確認コードが届かない」と連絡がありましたが、どうしたらいいですか？,保護者の方に入力したメールアドレスが正しいかご確認いただくようにお伝えください。また、イロドキからの確認コード通知メール（support@irodoki.com）が迷惑メールフォルダ等に自動で振り分けられてしまうことがありますので、そちらもご確認いただくようにお伝えください。
,ログイン,保護者から「アカウントがロックされてログインできない」と連絡がありましたが、どうしたらいいですか？,"誤ったパスワードの入力が5回連続して行われた場合にロックがかかります。ロックから1時間で解除となりますので、しばらく時間を空けてから再度お試しいただくようにお伝えください。それでも解決しない場合は、お手数ですが、イロドキサポート事務局までお問い合わせいただくようご連絡をお願いいたします。
メール：support@irodoki.com　
電話:06-4967-1283　
※受付時間：平日9 時～17 時（土日祝・GW ・夏季休暇・年末年始等を除く）"
,ログイン,保護者から「ログインパスワードを忘れてしまった」と連絡がありましたが、どうしたらいいですか？,保護者アプリのログイン画面のログインボタン下の「パスワードが不明な方」を選択し、登録メールアドレスを入力することでパスワード再設定に進むことができますので、そちらから再設定いただくようにお伝えください。
,ログイン,保護者が機種変更等によってメールアドレスが変更になった場合は、どうしたらいいですか？,"保護者アプリにログイン中の場合は設定の会員情報設定からメールアドレスの変更を行っていただくようにお伝えください。ログアウト状態で古いメールアドレスで新しい端末からログインしようとすると確認コードによる認証が発生することがあります。確認コードが届いている古いメールアドレス宛のメールが見れない場合はログインができませんので、お手数ですがイロドキサポート事務局までお問い合わせいただくようご連絡をお願いいたします。
メール：support@irodoki.com　
電話:06-4967-1283　
※受付時間：平日9 時～17 時（土日祝・GW ・夏季休暇・年末年始等を除く）"
,ログイン,保護者から「正しいメールアドレスを入力しているのに、アカウント登録がありませんとエラー表示が出てログインできない」と連絡がありましたが、どうしたらいいですか？,メールアドレスの先頭に空白が入力されていたり、「@」が全角になっているなどにより正しく認証されないケースがございます。今一度メールアドレスの入力文字をご確認いただくようにお伝えください。
,配信,配信すると保護者アプリではどのように見えますか？,メイン画面では、ご登録されたお子さまが写った写真のみが表示されます。複数のお子さまをご登録されている場合は、お子さまごとに分けて表示されます。クラス全体に配信した写真は、クラスタブに切り替えると表示されます。
,配信,保護者アプリで自身の子ども以外の写真も保護者は閲覧可能ですか？,お子さまが写っている写真（1人や複数人）とクラス全体配信された写真のみがアプリ上に配信されますので、別の園児の写真は閲覧することはできません。
,配信,配信処理をしてから保護者アプリに届くまでどれくらいの時間がかかりますか？,施設から保護者へ写真配信を行うと、保護者の方のスマホに即時表示されます。配信のお知らせは、プッシュ通知で自動送信されます。
,配信,配信した写真を施設操作にて保護者アプリから削除することは可能ですか？,"はい、可能です。施設管理画面のホーム画面のカレンダーの桜マークまたは写真管理画面から、該当写真を開いて「配信取消」ボタンをクリックしてください。
※施設管理・保護者アプリどちらの画面上からも写真が削除されます。
※削除されたデータは復活できませんので、十分ご注意の上操作してください。"
,,,
,保護者の利用プランについて,,
,プラン内容,保護者が有料プランに加入した場合、いつからの写真がダウンロードできますか？,加入日以降（当日含む）の写真がダウンロード可能となります。有料プランに継続して加入いただいている間は加入日以降の写真がずっと表示されていますが、フリープランに変更されると過去の写真が見られなくなりますのでご注意ください。
,プラン内容,保護者アプリで写真を閲覧できる期間はフリープランと有料プランでどのように違いますか？,フリープランは施設からの配信後1ヵ月間、対象写真の閲覧が可能です。有料プランは継続加入いただいている期間は加入日以降の写真がずっと閲覧可能です。
,プラン内容,保護者プランの差を教えてください。,"フリープラン（0円）：配信後1ヵ月間、写真の閲覧（透かしあり）が可能です。ダウンロードや家族招待はできません。
プレミアムプラン（990円/月）：加入日以降の写真が無制限で閲覧、ダウンロード可能です。メインアカウントに加えて、家族を1名招待し写真の閲覧を共有できます。きょうだい追加はできません。
ファミリープラン（1,650円/月）：加入日以降の写真が無制限で閲覧、ダウンロード可能です。メインアカウントに加えて、家族を5名招待し写真の閲覧を共有できます。きょうだい追加も何名でも可能です。"
,プラン内容,保護者が全員フリープランでも問題ないですか？,はい、プラン選択は保護者さまが各自でご自由に選んでいただけますので、問題ございません。
,プラン内容,フリープランの閲覧1ヵ月はいつからが基準日ですか？,施設からの配信後1ヵ月間となります。（例：11月15日配信→12月14日まで閲覧可）
,プラン選択,プランはいつでも加入、変更ができますか？,月末日のみを除いて、保護者アプリからいつでも可能です。月末日はメンテナンスにつきプラン変更ができません。
,プラン選択,月の途中でプランを変更した場合、支払いはどうなりますか？,"フリープランから有料プランへの変更（アップグレード）時は、日割り計算で加入日にご登録のクレジットカードにご請求をさせていただきます。
有料プランからフリープランへの変更（ダウングレード）時は、返金はできかねますが月末日まで有料プランをご利用いただけます。月末の次回請求からご請求が停止し、翌月からフリープランが適用されます。"
,プラン選択,プランは毎月自動で更新されますか？,はい、毎月月末日の前日までにご選択中のプランが翌月のご利用プランとして継続更新されます。プラン変更をご希望の場合は、月末日前日までに行ってください。
,プラン選択,保護者がどのプランに加入しているか施設側で分かりますか？,はい、施設管理画面のクラス管理から、対象のクラス名をクリックし、園児一覧画面の右端に今月のプランと来月のプランが表示されていますので、そちらでご確認ください。
,プラン選択,有料プランの解約は保護者アプリからいつでもできますか？,"月末日のみを除いて、保護者アプリからいつでも可能です。月末日はメンテナンスにつきプラン変更ができません。
※保護者アプリから「アカウント削除」をされた場合も、有料プランは解約となります"
,プラン選択,保護者から「クレジットカードの登録がうまくいかない」と連絡がありましたが、どうしたらいいですか？,"入力情報（カード番号、名義、有効期限、セキュリティコード）に誤りがないかご確認いただき、再度お試しいただくようにお伝えください。
また、クレジットカード会社のセキュリティ判断により自動エラーとなって登録できないケースがあります。別のカードでお試しいただくか、一度該当のカード会社に保護者様ご自身でお問い合わせの上、エラー状況をご確認いただくようにお伝えください。
それでも解決しない場合は、お手数ですがイロドキサポート事務局までお問い合わせいただくようご連絡をお願いいたします。
メール：support@irodoki.com　
電話:06-4967-1283　
※受付時間：平日9 時～17 時（土日祝・GW ・夏季休暇・年末年始等を除く）"
,,,
,アカウント設定について,,
,登録情報,先生アカウントでは何ができますか？,"施設管理画面とカメラアプリに各先生アカウントIDでログインができます。担当クラスを設定することで、必要なクラスのデータのみを操作する権限を付与できます。ご退職等で不要になった先生アカウントIDは施設の本アカウントから削除することでログインができなくなります。
※配信処理は施設の本アカウントのみから行えます。"
,登録情報,園児情報を削除すると保護者アプリはどうなりますか？,"施設さまでの情報が保護者アプリに連携されているため、保護者アプリ上でお子さまの写真を閲覧できなくなります。
※保護者アカウント登録済みの園児情報は施設管理画面から削除できません"
,登録情報,パスワードは変更できますか？,はい、アカウント管理＞施設アカウント情報　からパスワード変更が可能です。半角英数字8文字以上、大文字・小文字・数字を最低1文字ずつ含んだものを設定してください。
,登録情報,施設情報は変更できますか？,"はい、施設画面の施設情報から登録メールアドレスと担当者名のみ変更でききます。その他の項目に変更があった場合は、お手数ですがイロドキサポート事務局までご連絡をお願いいたします。
メール：support@irodoki.com　
電話:06-4967-1283　
※受付時間：平日9 時～17 時（土日祝・GW ・夏季休暇・年末年始等を除く）"
,,,
,園児の入園/卒園・退園/進級について,,
,入園,新たに入園する保護者向けに案内できるチラシ・資料はありますか？,施設管理画面のホーム画面右上の？マークから保護者への案内資料を選択し、「サービス内容のご案内チラシ」をダウンロードしてご活用ください。
,入園,園児名簿へCSV取り込みをするとエラーになってしまいます。,入力内容に問題がないかご確認ください。未入力の項目や読み取りできない文字があるとエラーの原因になります。 ※環境依存文字、特殊文字は取り込みができません。該当の園児を省いていただき、再度取り込みをお試しください。
,入園,途中入園の園児登録はできますか？,はい、可能です。クラス管理の「園児を追加する」から必要事項を入力の上ご登録ください。登録した園児のチェックボックスにチェックを入れると登録用紙が作成されます。用紙を保護者の方にお渡しし、保護者登録を進めていただくようご案内をお願いいたします。
,入園,"新入園児の保護者がまだ登録していませんが、先に配信したいです。
配信した写真も保護者が登録すれば閲覧できますか？","はい。配信から一カ月以内の写真であれば、どなたでも閲覧できます。
ただし、閲覧できるのは該当園児のタグが付いた写真が配信されている場合のみです。
顔登録がまだお済でない場合は、登録が済むまでAIによる振り分けができませんので、手動でタグを追加してください。"
,入園,保護者の登録前に配信した写真を、保護者が登録後に有料プランに加入した場合は保護者アプリからダウンロードができますか？,申し訳ございませんが、保護者のダウンロード機能は有料プランに加入した日以降（当日含む）に配信された写真が対象となります。そのため、保護者登録前の写真は保護者アプリでダウンロードができませんので、ご注意ください。
,卒園・退園,卒園・退園時にはどのような操作が必要ですか？ ,クラス管理から卒園月を設定することで、卒園後の保護者の決済とアプリ利用を停止することができます。詳しくはマニュアルをご覧ください。
,卒園・退園,卒園・退園に関する施設での登録はいつまでに完了したらいいですか？,"保護者のプラン加入状況に影響するため、お子さまが卒園する月末日前日までに完了していただく必要があります。
有料プラン加入者の月額自動決済は月末日前日までに設定いただくことで、卒園月の月末（＝翌月利用分）から自動で停止されます。"
,卒園・退園,卒園・退園児の保護者が行う処理はありますか？,施設様で登録した卒園月の翌月1日からアプリのご利用が不可となりますので、保護者アプリ内の設定画面より、アカウントを削除していただくようお願いします。
,卒園・退園,卒園・退園児の保護者は、いつまで写真の閲覧やダウンロードが可能ですか？,利用プランの種類にかかわらず、卒園月翌月以降は保護者アプリからの閲覧やダウンロードができなくなります。卒園されるまでにダウンロードいただくようお願いします。
,卒園・退園,卒園・退園後もきょうだいが在籍しますが、卒園・退園する上の子の写真を閲覧したりダウンロードしたりすることはできますか？,申し訳ございません。ごきょうだいの有無にかかわらず、卒園されるお子さまの写真は施設様で登録された卒園月の翌月1日以降、閲覧やダウンロードができなくなります。
,進級,進級時にはどのような操作が必要ですか？,"クラス管理から進級設定を行うことで、新年度クラスでの配信を行うことができます。詳しくはマニュアルをご覧ください。
※新年度クラスが開始後に設定を行ってください。"
,,,
,その他,,
,サポート,施設関係者側の利用マニュアルはありますか？,施設さま向けに、各種サポートマニュアルをご用意しております。施設管理画面の右上の？マークから「使い方マニュアル」を選択してご覧ください。